{
    "objects": [
        {
            "label": "",
            "position": {
                "x": -1.1289047002792359,
                "y": 1.307126760482788,
                "z": 0.4382352828979492
            },
            "rotation": {
                "x": 0.0,
                "y": 0.0,
                "z": 0.0
            },
            "scale": {
                "x": 1.0,
                "y": 1.0,
                "z": 1.0
            },
            "views": []
        }
    ],
    "viewList": []
}