{
    "objects": [
        {
            "label": "",
            "url": "",
            "type": "joining_input",
            "position": {
                "x": -17.042829513549806,
                "y": 7.671541213989258,
                "z": 2.2416954040527345
            },
            "rotation": {
                "x": 0.0,
                "y": 0.0,
                "z": 0.0
            },
            "scale": {
                "x": 10.0,
                "y": 10.0,
                "z": 10.0
            },
            "views": [
                "joining_input"
            ]
        },
        {
            "label": "",
            "url": "",
            "type": "joining_output",
            "position": {
                "x": 18.885290145874025,
                "y": 7.469963073730469,
                "z": 2.0725440979003908
            },
            "rotation": {
                "x": 0.0,
                "y": 0.0,
                "z": 0.0
            },
            "scale": {
                "x": 10.0,
                "y": 10.0,
                "z": 10.0
            },
            "views": [
                "joining_output"
            ]
        }
    ],
    "viewList": [
        "joining_input",
        "joining_output"
    ]
}